{
  "offloading_decision": {
    "cloud_tasks_total_number": 17,
    "cloud_tasks_total_number_to_shift": 2,
    "cloud_tasks_to_shift_from_cloud_to_edge": [
      "Cloud_Task_3",
      "Cloud_Task_9"
    ]
  },
  "offloading_debug": {
    "Cloud_Task_1": {
      "links": {
        "Edge_Task_3": {
          "euclidean_distance": 26.39652145693404,
          "rtt": 97.7178809798581
        },
        "Edge_Task_2": {
          "euclidean_distance": 17.240348379313623,
          "rtt": 92.01254464863297
        }
      },
      "average_rtt": 94.86521281424552,
      "average_euclidean_distance": 21.81843491812383,
      "total_rtt": 189.73042562849105,
      "total_euclidean_distance": 43.63686983624766
    },
    "Cloud_Task_2": {
      "links": {
        "Edge_Task_3": {
          "euclidean_distance": 21.026672205460414,
          "rtt": 62.29600111428406
        }
      },
      "average_rtt": 62.29600111428406,
      "average_euclidean_distance": 21.026672205460414,
      "total_rtt": 62.29600111428406,
      "total_euclidean_distance": 21.026672205460414
    },
    "Cloud_Task_3": {
      "links": {
        "Edge_Task_4": {
          "euclidean_distance": 16.45932961074994,
          "rtt": 66.73317564592256
        }
      },
      "average_rtt": 66.73317564592256,
      "average_euclidean_distance": 16.45932961074994,
      "total_rtt": 66.73317564592256,
      "total_euclidean_distance": 16.45932961074994
    },
    "Cloud_Task_6": {
      "links": {
        "Edge_Task_4": {
          "euclidean_distance": 22.765249232857357,
          "rtt": 66.152995136449
        },
        "Edge_Task_1": {
          "euclidean_distance": 15.39675059287314,
          "rtt": 62.20945451286123
        },
        "Edge_Task_3": {
          "euclidean_distance": 8.068601719152657,
          "rtt": 86.81574682173635
        },
        "Edge_Task_0": {
          "euclidean_distance": 16.883679108645012,
          "rtt": 90.80174257916325
        },
        "Edge_Task_2": {
          "euclidean_distance": 4.067991237542679,
          "rtt": 72.59063331327366
        }
      },
      "average_rtt": 75.7141144726967,
      "average_euclidean_distance": 13.43645437821417,
      "total_rtt": 378.5705723634835,
      "total_euclidean_distance": 67.18227189107085
    },
    "Cloud_Task_7": {
      "links": {
        "Edge_Task_1": {
          "euclidean_distance": 12.7627486933261,
          "rtt": 57.85492254052981
        },
        "Edge_Task_3": {
          "euclidean_distance": 17.921937868424678,
          "rtt": 71.15070528411181
        },
        "Edge_Task_4": {
          "euclidean_distance": 2.260659236815712,
          "rtt": 81.84190349133698
        },
        "Edge_Task_2": {
          "euclidean_distance": 22.04406152066239,
          "rtt": 94.05318624031399
        }
      },
      "average_rtt": 76.22517938907315,
      "average_euclidean_distance": 13.74735182980722,
      "total_rtt": 304.9007175562926,
      "total_euclidean_distance": 54.98940731922888
    },
    "Cloud_Task_9": {
      "links": {
        "Edge_Task_4": {
          "euclidean_distance": 9.655541986531636,
          "rtt": 74.49471564386619
        },
        "Edge_Task_3": {
          "euclidean_distance": 10.740590901990497,
          "rtt": 84.20907649495184
        }
      },
      "average_rtt": 79.35189606940901,
      "average_euclidean_distance": 10.198066444261066,
      "total_rtt": 158.70379213881802,
      "total_euclidean_distance": 20.396132888522132
    },
    "Cloud_Task_10": {
      "links": {
        "Edge_Task_1": {
          "euclidean_distance": 17.52668428783091,
          "rtt": 56.10917068872973
        },
        "Edge_Task_2": {
          "euclidean_distance": 22.96004939288282,
          "rtt": 99.85080159572556
        },
        "Edge_Task_4": {
          "euclidean_distance": 12.161550124195424,
          "rtt": 89.43072614313806
        }
      },
      "average_rtt": 81.79689947586445,
      "average_euclidean_distance": 17.549427934969717,
      "total_rtt": 245.39069842759335,
      "total_euclidean_distance": 52.64828380490915
    },
    "Cloud_Task_8": {
      "links": {
        "Edge_Task_4": {
          "euclidean_distance": 36.816496743427415,
          "rtt": 66.00678098157421
        },
        "Edge_Task_1": {
          "euclidean_distance": 24.40662529708485,
          "rtt": 74.37701563182122
        },
        "Edge_Task_0": {
          "euclidean_distance": 31.674825009724106,
          "rtt": 97.2315650652577
        }
      },
      "average_rtt": 79.20512055955105,
      "average_euclidean_distance": 30.96598235007879,
      "total_rtt": 237.61536167865313,
      "total_euclidean_distance": 92.89794705023637
    },
    "Cloud_Task_5": {
      "links": {
        "Edge_Task_4": {
          "euclidean_distance": 17.725150261637214,
          "rtt": 61.18883957678193
        },
        "Edge_Task_0": {
          "euclidean_distance": 8.423210332389553,
          "rtt": 69.52117632553585
        },
        "Edge_Task_2": {
          "euclidean_distance": 8.387867357734677,
          "rtt": 71.13072092260141
        },
        "Edge_Task_1": {
          "euclidean_distance": 17.47011460442085,
          "rtt": 89.37582715184799
        },
        "Edge_Task_3": {
          "euclidean_distance": 5.643599661336166,
          "rtt": 52.257284776128444
        }
      },
      "average_rtt": 68.69476975057913,
      "average_euclidean_distance": 11.529988443503694,
      "total_rtt": 343.4738487528956,
      "total_euclidean_distance": 57.649942217518465
    },
    "Cloud_Task_11": {
      "links": {
        "Edge_Task_2": {
          "euclidean_distance": 25.009561658122497,
          "rtt": 62.9997858775281
        }
      },
      "average_rtt": 62.9997858775281,
      "average_euclidean_distance": 25.009561658122497,
      "total_rtt": 62.9997858775281,
      "total_euclidean_distance": 25.009561658122497
    },
    "Cloud_Task_4": {
      "links": {
        "Edge_Task_0": {
          "euclidean_distance": 15.377023675549548,
          "rtt": 90.79404194250289
        },
        "Edge_Task_3": {
          "euclidean_distance": 6.974805304668903,
          "rtt": 89.16827549210262
        },
        "Edge_Task_2": {
          "euclidean_distance": 15.269941114857591,
          "rtt": 54.28394654586164
        },
        "Edge_Task_4": {
          "euclidean_distance": 21.820927371100176,
          "rtt": 52.615077887395465
        }
      },
      "average_rtt": 71.71533546696564,
      "average_euclidean_distance": 14.860674366544055,
      "total_rtt": 286.86134186786256,
      "total_euclidean_distance": 59.44269746617622
    },
    "Cloud_Task_0": {
      "links": {
        "Edge_Task_4": {
          "euclidean_distance": 16.44330834420201,
          "rtt": 75.26884378434269
        },
        "Edge_Task_0": {
          "euclidean_distance": 16.331323813740468,
          "rtt": 77.82688944801296
        },
        "Edge_Task_1": {
          "euclidean_distance": 6.380190479825731,
          "rtt": 81.63137250286594
        }
      },
      "average_rtt": 78.2423685784072,
      "average_euclidean_distance": 13.051607545922735,
      "total_rtt": 234.72710573522158,
      "total_euclidean_distance": 39.154822637768206
    }
  }
}